rule,variance,variance_ratio_to_full,variance_ratio_to_fixed_0.1,variance_ratio_to_variance_aware_opt,retained_fraction,retained_e_min,retained_e_max,beta,gamma,scenario,alpha_star_symmetric,gamma_star_k
full,800000.7508182672,1.0,82112.18443447987,82174.25078224546,1.0,1.5421256876622854e-11,0.9999999999845788,0.5,0.5,homoskedastic,0.0939,11.74732755298355
fixed_ps_0.1,9.742777595408088,1.2178460564496786e-05,1.0,1.0007558725686456,0.59033,0.10000446296018564,0.8999955370398142,0.5,0.5,homoskedastic,0.0939,11.74732755298355
optimal_symmetric_ps_alpha=0.0939,9.735419345455345,1.2169262760688206e-05,0.9992447482372777,1.0000000499318333,0.60346,0.09390248265251085,0.9060975173474891,0.5,0.5,homoskedastic,0.0939,11.74732755298355
optimal_variance_aware_k_gamma=11.75,9.735418859348032,1.2169262153054635e-05,0.9992446983431579,1.0,0.60335,0.09395288964666373,0.9060471103533363,0.5,0.5,homoskedastic,0.0939,11.74732755298355
full,3199991.003273069,1.0,171641.1358378437,197300.64203176805,1.0,1.5421256876622854e-11,0.9999999999845788,0.5,0.5,symmetric_extreme_noise,0.1936,13.620304040288364
fixed_ps_0.1,18.643497012838633,5.826109196485045e-06,1.0,1.1494950850136876,0.59033,0.10000446296018564,0.8999955370398142,0.5,0.5,symmetric_extreme_noise,0.1936,13.620304040288364
optimal_symmetric_ps_alpha=0.1936,16.21885753749235,5.068407230177555e-06,0.8699471738764148,1.0000000005924867,0.41991,0.193605432283466,0.806394567716534,0.5,0.5,symmetric_extreme_noise,0.1936,13.620304040288364
optimal_variance_aware_k_gamma=13.62,16.218857527882893,5.068407227174591e-06,0.8699471733609827,1.0,0.4199,0.19361163890248834,0.8063883610975116,0.5,0.5,symmetric_extreme_noise,0.1936,13.620304040288364
full,800003.7508182675,1.0,53964.31492760545,55800.16002398161,1.0,1.5421256876622854e-11,0.9999999999845788,0.5,0.5,treatment_asymmetric_noise,0.06549999999999999,19.034828762050257
fixed_ps_0.1,14.824680937606521,1.853076429009664e-05,1.0,1.0340196127540766,0.59033,0.10000446296018564,0.8999955370398142,0.5,0.5,treatment_asymmetric_noise,0.06549999999999999,19.034828762050257
optimal_symmetric_ps_alpha=0.0655,14.42291106648893,1.802855430582263e-05,0.9728985822488496,1.0059962152659456,0.67047,0.06550341212108929,0.9344965878789108,0.5,0.5,treatment_asymmetric_noise,0.06549999999999999,19.034828762050257
optimal_variance_aware_k_gamma=19.03,14.33694366601179,1.7921095559048992e-05,0.9670996445962312,1.0,0.66385,0.056708539352431926,0.9195497459330437,0.5,0.5,treatment_asymmetric_noise,0.06549999999999999,19.034828762050257
full,800004.4793059278,1.0,39136.2577203171,51305.14307182244,1.0,1.5421256876622854e-11,0.9999999999845788,0.5,0.5,central_noise_bump,0.0399,17.452384996817027
fixed_ps_0.1,20.441517045985094,2.5551753239831676e-05,1.0,1.3109363557054667,0.59033,0.10000446296018564,0.8999955370398142,0.5,0.5,central_noise_bump,0.0399,17.452384996817027
optimal_symmetric_ps_alpha=0.0399,17.552431181320674,2.194041612935581e-05,0.8586657801294711,1.1256561885719205,0.74395,0.03990098416292321,0.9600990158370767,0.5,0.5,central_noise_bump,0.0399,17.452384996817027
optimal_variance_aware_k_gamma=17.45,15.593065946351533,1.9491223298999337e-05,0.7628135383138874,1.0,0.55963,0.06102250724097753,0.9389774927590225,0.5,0.5,central_noise_bump,0.0399,17.452384996817027
full,986966.8714738615,1.0,109687.92266362289,109724.11257188111,1.0,6.250000000000002e-12,0.99999500000625,0.5,1.0,homoskedastic,0.09589999999999999,11.534916319116887
fixed_ps_0.1,8.997953899633666,9.116773986746692e-06,1.0,1.0003299352141914,0.632455,0.10000299405625003,0.89999848580625,0.5,1.0,homoskedastic,0.09589999999999999,11.534916319116887
optimal_symmetric_ps_alpha=0.0959,8.99498616927019,9.113767066809202e-06,0.999670177198441,1.0000000035924757,0.641165,0.09590015400625,0.90409195140625,0.5,1.0,homoskedastic,0.09589999999999999,11.534916319116887
optimal_variance_aware_k_gamma=11.53,8.994986136955921,9.113767034068216e-06,0.9996701736071502,1.0,0.641195,0.09588776730624997,0.9041109682562499,0.5,1.0,homoskedastic,0.09589999999999999,11.534916319116887
full,3947855.485895446,1.0,231979.3439715896,267249.3893389044,1.0,6.250000000000002e-12,0.99999500000625,0.5,1.0,symmetric_extreme_noise,0.1954,13.44034549177042
fixed_ps_0.1,17.01813367650069,4.310728631608121e-06,1.0,1.1520395944030013,0.632455,0.10000299405625003,0.89999848580625,0.5,1.0,symmetric_extreme_noise,0.1954,13.44034549177042
optimal_symmetric_ps_alpha=0.1954,14.772177833921708,3.741823348574551e-06,0.8680257256599009,1.000000004920603,0.454955,0.19540157180625,0.80459554505625,0.5,1.0,symmetric_extreme_noise,0.1954,13.44034549177042
optimal_variance_aware_k_gamma=13.44,14.772177761233685,3.7418233301625236e-06,0.8680257213886909,1.0,0.454925,0.19541925390625003,0.80457760530625,0.5,1.0,symmetric_extreme_noise,0.1954,13.44034549177042
full,986968.8714738617,1.0,75289.74624133011,77950.28497481211,1.0,6.250000000000002e-12,0.99999500000625,0.5,1.0,treatment_asymmetric_noise,0.064,17.956973105535283
fixed_ps_0.1,13.108941399673196,1.3282021124027279e-05,1.0,1.0353373316594006,0.632455,0.10000299405625003,0.89999848580625,0.5,1.0,treatment_asymmetric_noise,0.064,17.956973105535283
optimal_symmetric_ps_alpha=0.0640,12.714211942476537,1.2882079982411332e-05,0.9698885329362675,1.0041618056972859,0.71449,0.06400014530624999,0.9359933635562501,0.5,1.0,treatment_asymmetric_noise,0.064,17.956973105535283
optimal_variance_aware_k_gamma=17.96,12.661517168189683,1.2828689469488504e-05,0.9658687747666134,1.0,0.709125,0.06049755140625,0.9121825818062499,0.5,1.0,treatment_asymmetric_noise,0.064,17.956973105535283
full,986971.0014916555,1.0,51078.209350142744,66860.46955323713,1.0,6.250000000000002e-12,0.99999500000625,0.5,1.0,central_noise_bump,0.039799999999999995,17.173289349916153
fixed_ps_0.1,19.322740833100433,1.9577820223590225e-05,1.0,1.3089822529781046,0.632455,0.10000299405625003,0.89999848580625,0.5,1.0,central_noise_bump,0.039799999999999995,17.173289349916153
optimal_symmetric_ps_alpha=0.0398,16.772333444915017,1.6993744922156987e-05,0.8680100607768597,1.1362097649633554,0.7804,0.03980124750625,0.96019911050625,0.5,1.0,central_noise_bump,0.039799999999999995,17.173289349916153
optimal_variance_aware_k_gamma=17.17,14.76165226009649,1.4956520746593886e-05,0.7639522978442758,1.0,0.5817,0.06208444305624999,0.93790992930625,0.5,1.0,central_noise_bump,0.039799999999999995,17.173289349916153
full,2220659.4894168135,1.0,202945.58821486187,203442.0366362266,1.0,2.7777777777829238e-12,0.9974191226322663,0.5,2.0,homoskedastic,0.08969999999999999,12.250014291350555
fixed_ps_0.1,10.94214222122318,4.92742911435593e-06,1.0,1.0024462144052086,0.537585,0.10000104907168252,0.8999372438440518,0.5,2.0,homoskedastic,0.08969999999999999,12.250014291350555
optimal_symmetric_ps_alpha=0.0897,10.91544088208738,4.915405056069167e-06,0.997559770418263,1.000000015498717,0.561075,0.089700299324466,0.9102977858772204,0.5,2.0,homoskedastic,0.08969999999999999,12.250014291350555
optimal_variance_aware_k_gamma=12.25,10.915440712912053,4.915404979886696e-06,0.9975597549573668,1.0,0.561135,0.08967398062680315,0.9102977858772204,0.5,2.0,homoskedastic,0.08969999999999999,12.250014291350555
full,8882625.957667254,1.0,414175.6796871275,471642.88393557904,1.0,2.7777777777829238e-12,0.9974191226322663,0.5,2.0,symmetric_extreme_noise,0.18869999999999998,14.128893558409048
fixed_ps_0.1,21.44651748836938,2.4144343790427536e-06,1.0,1.1387507936049333,0.537585,0.10000104907168252,0.8999372438440518,0.5,2.0,symmetric_extreme_noise,0.18869999999999998,14.128893558409048
optimal_symmetric_ps_alpha=0.1887,18.83337219558744,2.120248256016112e-06,0.8781552625409198,1.000000002126821,0.375095,0.18870255312441822,0.8112837905076206,0.5,2.0,symmetric_extreme_noise,0.18869999999999998,14.128893558409048
optimal_variance_aware_k_gamma=14.13,18.83337215553223,2.1202482515067238e-06,0.8781552606732408,1.0,0.37511,0.18869184459715252,0.8112837905076206,0.5,2.0,symmetric_extreme_noise,0.18869999999999998,14.128893558409048
full,2220660.689416807,1.0,150956.50331615566,158236.43962812098,1.0,2.7777777777829238e-12,0.9974191226322663,0.5,2.0,treatment_asymmetric_noise,0.061399999999999996,17.78111732534595
fixed_ps_0.1,14.710599680266625,6.62442477158901e-06,1.0,1.0482253904405734,0.537585,0.10000104907168252,0.8999372438440518,0.5,2.0,treatment_asymmetric_noise,0.061399999999999996,17.78111732534595
optimal_symmetric_ps_alpha=0.0614,14.042410730305125,6.323528307241284e-06,0.9545777218818731,1.0006126052254993,0.634475,0.06140151691091853,0.9385203517421672,0.5,2.0,treatment_asymmetric_noise,0.061399999999999996,17.78111732534595
optimal_variance_aware_k_gamma=17.78,14.033813542795125,6.319656852430122e-06,0.9539933006008335,1.0,0.633515,0.061165929790018614,0.9107955933534261,0.5,2.0,treatment_asymmetric_noise,0.061399999999999996,17.78111732534595
full,2220662.620571006,1.0,101978.37118726679,133796.23866894667,1.0,2.7777777777829238e-12,0.9974191226322663,0.5,2.0,central_noise_bump,0.040299999999999996,17.934867828814063
fixed_ps_0.1,21.775819663692396,9.806000903501995e-06,1.0,1.31200603727286,0.537585,0.10000104907168252,0.8999372438440518,0.5,2.0,central_noise_bump,0.040299999999999996,17.934867828814063
optimal_symmetric_ps_alpha=0.0403,18.392499460627754,8.282437543753688e-06,0.8446294901722678,1.108158990364713,0.702305,0.04030130689499042,0.9596969436416707,0.5,2.0,central_noise_bump,0.040299999999999996,17.934867828814063
optimal_variance_aware_k_gamma=17.93,16.597347150136358,7.474051662052396e-06,0.7621916146655875,1.0,0.5403,0.059270278347909204,0.9406597816324752,0.5,2.0,central_noise_bump,0.040299999999999996,17.934867828814063
full,4722754.085144942,1.0,269330.85742298164,279402.31080248614,1.0,1.3061224489830046e-12,0.9453187196384437,0.5,4.0,homoskedastic,0.06799999999999999,15.782356105752083
fixed_ps_0.1,17.53513923481816,3.712905418889708e-06,1.0,1.0373943538288573,0.373345,0.10000095874930971,0.8967094265631445,0.5,4.0,homoskedastic,0.06799999999999999,15.782356105752083
optimal_symmetric_ps_alpha=0.0680,16.903060475845646,3.579068520423902e-06,0.9639535933813719,1.0000000151268733,0.466795,0.06800134451638906,0.9281657430033143,0.5,4.0,homoskedastic,0.06799999999999999,15.782356105752083
optimal_variance_aware_k_gamma=15.78,16.903060220155194,3.5790684662837865e-06,0.9639535787997682,1.0,0.466855,0.06798367577911237,0.9281657430033143,0.5,4.0,homoskedastic,0.06799999999999999,15.782356105752083
full,18891004.340579767,1.0,497148.64555847173,517380.5879831687,1.0,1.3061224489830046e-12,0.9453187196384437,0.5,4.0,symmetric_extreme_noise,0.145,20.272443189353915
fixed_ps_0.1,37.99870422931267,2.0114708325849917e-06,1.0,1.0406959620738168,0.373345,0.10000095874930971,0.8967094265631445,0.5,4.0,symmetric_extreme_noise,0.145,20.272443189353915
optimal_symmetric_ps_alpha=0.1450,36.51278262597792,1.932813203983274e-06,0.960895466477815,1.0000000319384987,0.27753,0.14500195612760805,0.8539289048021246,0.5,4.0,symmetric_extreme_noise,0.145,20.272443189353915
optimal_variance_aware_k_gamma=20.27,36.5127814598145,1.9328131422521244e-06,0.9608954357882573,1.0,0.27761,0.14495740115565894,0.8539289048021246,0.5,4.0,symmetric_extreme_noise,0.145,20.272443189353915
full,4722754.751811509,1.0,219760.2548316,243730.7212192671,1.0,1.3061224489830046e-12,0.9453187196384437,0.5,4.0,treatment_asymmetric_noise,0.053,20.236276687864613
fixed_ps_0.1,21.490486327614185,4.550413361898809e-06,1.0,1.1090755305413866,0.373345,0.10000095874930971,0.8967094265631445,0.5,4.0,treatment_asymmetric_noise,0.053,20.236276687864613
optimal_symmetric_ps_alpha=0.0530,19.377030612049026,4.102908499455021e-06,0.9016562173909729,1.0000048476688332,0.52225,0.053001224487838845,0.9453187196384437,0.5,4.0,treatment_asymmetric_noise,0.053,20.236276687864613
optimal_variance_aware_k_gamma=20.24,19.376936679077005,4.10288861000978e-06,0.9016518464814184,1.0,0.52218,0.05301609646041868,0.9184651936694024,0.5,4.0,treatment_asymmetric_noise,0.053,20.236276687864613
full,4722755.324355728,1.0,178744.39390710677,230259.4267908249,1.0,1.3061224489830046e-12,0.9453187196384437,0.5,4.0,central_noise_bump,0.043199999999999995,20.08177587190986
fixed_ps_0.1,26.421837469264283,5.594581055894255e-06,1.0,1.288205027065019,0.373345,0.10000095874930971,0.8967094265631445,0.5,4.0,central_noise_bump,0.043199999999999995,20.08177587190986
optimal_symmetric_ps_alpha=0.0432,21.444024440594976,4.540574933028177e-06,0.8116023143939234,1.0455101813798562,0.564475,0.04320037948012104,0.9453187196384437,0.5,4.0,central_noise_bump,0.043199999999999995,20.08177587190986
optimal_variance_aware_k_gamma=20.08,20.510584040696113,4.342927514140093e-06,0.7762739462974689,1.0,0.48955,0.052558823567255365,0.9453187196384437,0.5,4.0,central_noise_bump,0.043199999999999995,20.08177587190986
full,28.339165343088712,1.0,4.127267191416155,4.127478341699021,1.0,2.5e-06,0.9999975,1.0,1.0,homoskedastic,0.10179999999999999,10.935806135793635
fixed_ps_0.1,6.866326803854182,0.242291073880506,1.0,1.0000511598287858,0.8,0.1000025,0.8999975,1.0,1.0,homoskedastic,0.10179999999999999,10.935806135793635
optimal_symmetric_ps_alpha=0.1018,6.865975545271372,0.24227867907005346,0.9999488433054754,1.0000000005170937,0.7964,0.1018025,0.8981975,1.0,1.0,homoskedastic,0.10179999999999999,10.935806135793635
optimal_variance_aware_k_gamma=10.94,6.86597554172102,0.2422786789447727,0.9999488427884083,1.0,0.79639,0.1018075,0.8981925,1.0,1.0,homoskedastic,0.10179999999999999,10.935806135793635
full,101.35666137235485,1.0,8.131100150263434,9.379244997540393,1.0,2.5e-06,0.9999975,1.0,1.0,symmetric_extreme_noise,0.20059999999999997,12.939974594819287
fixed_ps_0.1,12.465307215416733,0.12298458775810328,1.0,1.1535025795047578,0.8,0.1000025,0.8999975,1.0,1.0,symmetric_extreme_noise,0.20059999999999997,12.939974594819287
optimal_symmetric_ps_alpha=0.2006,10.806484282863922,0.1066183922846871,0.866924825526865,1.0000000224819507,0.5988,0.2006025,0.7993975,1.0,1.0,symmetric_extreme_noise,0.20059999999999997,12.939974594819287
optimal_variance_aware_k_gamma=12.94,10.80648403991308,0.10661838988769771,0.8669248060367042,1.0,0.59872,0.2006425,0.7993575,1.0,1.0,symmetric_extreme_noise,0.20059999999999997,12.939974594819287
full,31.339165343088712,1.0,2.9519782050898487,3.0036238035701355,1.0,2.5e-06,0.9999975,1.0,1.0,treatment_asymmetric_noise,0.0721,17.71474525794636
fixed_ps_0.1,10.61632680385418,0.33875588860235617,1.0,1.01749525060559,0.8,0.1000025,0.8999975,1.0,1.0,treatment_asymmetric_noise,0.0721,17.71474525794636
optimal_symmetric_ps_alpha=0.0721,10.482259031820808,0.3344779261689074,0.9873715481342662,1.0046458608097046,0.8558,0.0721025,0.9278975,1.0,1.0,treatment_asymmetric_noise,0.0721,17.71474525794636
optimal_variance_aware_k_gamma=17.71,10.433785118442158,0.3329311742740188,0.9828055702518735,1.0,0.84893,0.0614225,0.9103475,1.0,1.0,treatment_asymmetric_noise,0.0721,17.71474525794636
full,34.13205921778478,1.0,2.1442802542802237,2.7934268210216087,1.0,2.5e-06,0.9999975,1.0,1.0,central_noise_bump,0.0394,16.32278490546941
fixed_ps_0.1,15.917723044668886,0.4663569503118297,1.0,1.3027340131709069,0.8,0.1000025,0.8999975,1.0,1.0,central_noise_bump,0.0394,16.32278490546941
optimal_symmetric_ps_alpha=0.0394,14.353456182674957,0.42052710887118044,0.9017279759420221,1.1747117048874294,0.9212,0.0394025,0.9605975,1.0,1.0,central_noise_bump,0.0394,16.32278490546941
optimal_variance_aware_k_gamma=16.32,12.218705341026991,0.3579832456947203,0.7676164051063348,1.0,0.66796,0.0655625,0.9344375,1.0,1.0,central_noise_bump,0.0394,16.32278490546941
full,29.724107110419073,1.0,4.328967723500825,4.329189192587512,1.0,1.2500007812509766e-06,0.9984188611699106,1.0,2.0,homoskedastic,0.10179999999999999,10.93595103371856
fixed_ps_0.1,6.866326803282623,0.2310019533227895,1.0,1.000051159791625,0.8,0.10000138888996056,0.8999875007811522,1.0,2.0,homoskedastic,0.10179999999999999,10.93595103371856
optimal_symmetric_ps_alpha=0.1018,6.8659755460008425,0.23099013607019803,0.9999488434949511,1.00000000066942,0.7964,0.10180041193507554,0.8981790787706182,1.0,2.0,homoskedastic,0.10179999999999999,10.93595103371856
optimal_variance_aware_k_gamma=10.94,6.865975541404621,0.2309901359155686,0.9999488428255653,1.0,0.79639,0.10180597864381216,0.8981790787706182,1.0,2.0,homoskedastic,0.10179999999999999,10.93595103371856
full,106.89642844167629,1.0,8.57551495634825,9.891878620455518,1.0,1.2500007812509766e-06,0.9984188611699106,1.0,2.0,symmetric_extreme_noise,0.20059999999999997,12.939979672513926
fixed_ps_0.1,12.465307213130496,0.11661107293151227,1.0,1.1535025792396052,0.8,0.10000138888996056,0.8999875007811522,1.0,2.0,symmetric_extreme_noise,0.20059999999999997,12.939979672513926
optimal_symmetric_ps_alpha=0.2006,10.806484282613877,0.10109303407185392,0.8669248256658066,1.000000022412353,0.5988,0.20060178884363272,0.7993946660729083,1.0,2.0,symmetric_extreme_noise,0.20059999999999997,12.939979672513926
optimal_variance_aware_k_gamma=12.94,10.80648404041514,0.10109303180612121,0.8669248062359818,1.0,0.59872,0.20064244546010576,0.7993572827137752,1.0,2.0,symmetric_extreme_noise,0.20059999999999997,12.939979672513926
full,31.724107106337676,1.0,3.231769657044146,3.302113320581929,1.0,1.2500007812509766e-06,0.9984188611699106,1.0,2.0,treatment_asymmetric_noise,0.06739999999999999,16.56201460756729
fixed_ps_0.1,9.816326803239221,0.30942799336590837,1.0,1.0217662986545029,0.8,0.10000138888996056,0.8999875007811522,1.0,2.0,treatment_asymmetric_noise,0.06739999999999999,16.56201460756729
optimal_symmetric_ps_alpha=0.0674,9.62178211360185,0.3032956004514201,0.9801815186538844,1.0015164423245289,0.8652,0.06740013939524953,0.9325648459629546,1.0,2.0,treatment_asymmetric_noise,0.06739999999999999,16.56201460756729
optimal_variance_aware_k_gamma=16.56,9.607213328689447,0.30283636656775026,0.9786973805231535,1.0,0.86198,0.06625351406283728,0.9004635745066162,1.0,2.0,treatment_asymmetric_noise,0.06739999999999999,16.56201460756729
full,35.517000985269,1.0,2.2312865280338916,2.9067728519437117,1.0,1.2500007812509766e-06,0.9984188611699106,1.0,2.0,central_noise_bump,0.0394,16.32311337217347
fixed_ps_0.1,15.917723044097329,0.4481719346377063,1.0,1.3027340126079765,0.8,0.10000138888996056,0.8999875007811522,1.0,2.0,central_noise_bump,0.0394,16.32311337217347
optimal_symmetric_ps_alpha=0.0394,14.35345620170266,0.4041291720451253,0.9017279771697789,1.1747117059792598,0.9212,0.03940252967228776,0.9605982233903094,1.0,2.0,central_noise_bump,0.0394,16.32311337217347
optimal_variance_aware_k_gamma=16.32,12.218705345868136,0.3440241294848052,0.767616405438033,1.0,0.66796,0.06556300372898334,0.9344065552055696,1.0,2.0,central_noise_bump,0.0394,16.32311337217347
full,56.22349187282707,1.0,6.06558274451178,6.103794947201452,1.0,6.250005859383545e-07,0.9602364635615823,1.0,4.0,homoskedastic,0.08429999999999999,12.94988682457025
fixed_ps_0.1,9.269264675961898,0.16486462094756077,1.0,1.006299840312004,0.656,0.10000085734004535,0.8993807753674351,1.0,4.0,homoskedastic,0.08429999999999999,12.94988682457025
optimal_symmetric_ps_alpha=0.0843,9.211235640447017,0.1638325072601694,0.9937396290273846,1.0000000300019674,0.703045,0.08430020635435716,0.9148783906807709,1.0,4.0,homoskedastic,0.08429999999999999,12.94988682457025
optimal_variance_aware_k_gamma=12.95,9.211235364091834,0.16383250234487204,0.9937395992132416,1.0,0.702945,0.08433276781096768,0.9148783906807709,1.0,4.0,homoskedastic,0.08429999999999999,12.94988682457025
full,212.89396749130827,1.0,11.33356625838867,12.427652439852151,1.0,6.250005859383545e-07,0.9602364635615823,1.0,4.0,symmetric_extreme_noise,0.17229999999999998,16.05355585086048
fixed_ps_0.1,18.78437577701832,0.08823348072455468,1.0,1.0965350320031597,0.656,0.10000085734004535,0.8993807753674351,1.0,4.0,symmetric_extreme_noise,0.17229999999999998,16.05355585086048
optimal_symmetric_ps_alpha=0.1723,17.130666850261704,0.08046572221902479,0.9119635942984148,1.0000000290597288,0.468465,0.17230092361125904,0.8276430983249408,1.0,4.0,symmetric_extreme_noise,0.17229999999999998,16.05355585086048
optimal_variance_aware_k_gamma=16.05,17.130666352449186,0.08046571988071279,0.9119635677970008,1.0,0.468565,0.17225683891020005,0.8276430983249408,1.0,4.0,symmetric_extreme_noise,0.17229999999999998,16.05355585086048
full,57.42349180050074,1.0,4.854324347683825,5.083185789385048,1.0,6.250005859383545e-07,0.9602364635615823,1.0,4.0,treatment_asymmetric_noise,0.0624,17.455367503090994
fixed_ps_0.1,11.829347956096008,0.20600189199906604,1.0,1.047145889996086,0.656,0.10000085734004535,0.8993807753674351,1.0,4.0,treatment_asymmetric_noise,0.0624,17.455367503090994
optimal_symmetric_ps_alpha=0.0624,11.296924257833464,0.196730012467388,0.954991289440584,1.00001520371977,0.77279,0.06240101271571254,0.9353215636191565,1.0,4.0,treatment_asymmetric_noise,0.0624,17.455367503090994
optimal_variance_aware_k_gamma=17.46,11.296752505174064,0.19672702148488216,0.9549767702413824,1.0,0.77259,0.06244499595201293,0.90772490486071,1.0,4.0,treatment_asymmetric_noise,0.0624,17.455367503090994
full,59.30150113850191,1.0,3.611137144644536,4.610613759898754,1.0,6.250005859383545e-07,0.9602364635615823,1.0,4.0,central_noise_bump,0.044,17.43961819928662
fixed_ps_0.1,16.42183577171763,0.2769210805197584,1.0,1.2767761442504288,0.656,0.10000085734004535,0.8993807753674351,1.0,4.0,central_noise_bump,0.044,17.43961819928662
optimal_symmetric_ps_alpha=0.0440,14.218860514100266,0.23977235383791273,0.8658508532029396,1.1054977138483932,0.835275,0.04400043265924811,0.9476682430303089,1.0,4.0,central_noise_bump,0.044,17.43961819928662
optimal_variance_aware_k_gamma=17.44,12.861953793285025,0.21689086357603707,0.7832226537934581,1.0,0.67796,0.06107079301647582,0.9353215636191565,1.0,4.0,central_noise_bump,0.044,17.43961819928662
full,5.995314475911623,1.0,1.1130501169229365,1.1145481497445966,1.0,0.0009131489184717572,0.9990868510815253,2.0,2.0,homoskedastic,0.1127,9.999935251531861
fixed_ps_0.1,5.386383222784133,0.8984321413707163,1.0,1.0013458808358076,0.944,0.10000462953437406,0.8999953704656258,2.0,2.0,homoskedastic,0.1127,9.999935251531861
optimal_symmetric_ps_alpha=0.1127,5.379143536585184,0.8972245839976983,0.9986559281247712,1.0,0.92952,0.11270250128470215,0.887297498715298,2.0,2.0,homoskedastic,0.1127,9.999935251531861
optimal_variance_aware_k_gamma=10,5.379143536585184,0.8972245839976983,0.9986559281247712,1.0,0.92952,0.11270250128470215,0.887297498715298,2.0,2.0,homoskedastic,0.1127,9.999935251531861
full,11.981257903646496,1.0,1.3563173583957269,1.5371961058127848,1.0,0.0009131489184717572,0.9990868510815253,2.0,2.0,symmetric_extreme_noise,0.2113,11.99977723803493
fixed_ps_0.1,8.83366848435687,0.7372905712736844,1.0,1.133360195014391,0.944,0.10000462953437406,0.8999953704656258,2.0,2.0,symmetric_extreme_noise,0.2113,11.99977723803493
optimal_symmetric_ps_alpha=0.2113,7.79422868778974,0.6505350899272077,0.882332034713797,1.0000000069306734,0.76985,0.21130254400192966,0.7886974559980703,2.0,2.0,symmetric_extreme_noise,0.2113,11.99977723803493
optimal_variance_aware_k_gamma=12,7.794228633770488,0.6505350854185615,0.8823320285986419,1.0,0.7698,0.21132754485250252,0.7886724551474975,2.0,2.0,symmetric_extreme_noise,0.2113,11.99977723803493
full,8.995314475911623,1.0,1.0503208282502872,1.055827751740103,1.0,0.0009131489184717572,0.9990868510815253,2.0,2.0,treatment_asymmetric_noise,0.0809,16.323877491432015
fixed_ps_0.1,8.56434932447905,0.9520900405887257,1.0,1.0052430870089377,0.944,0.10000462953437406,0.8999953704656258,2.0,2.0,treatment_asymmetric_noise,0.0809,16.323877491432015
optimal_symmetric_ps_alpha=0.0809,8.540537879381025,0.9494429463529668,0.9972197017898411,1.0024482114533522,0.96285,0.08090452827936988,0.9190954717206301,2.0,2.0,treatment_asymmetric_noise,0.0809,16.323877491432015
optimal_variance_aware_k_gamma=16.32,8.51967990146736,0.9471241860728764,0.9947842595719427,1.0,0.958015,0.0673511534781308,0.8981767883712333,2.0,2.0,treatment_asymmetric_noise,0.0809,16.323877491432015
full,14.503092960244501,1.0,0.9711785021954688,1.2520351876705875,1.0,0.0009131489184717572,0.9990868510815253,2.0,2.0,central_noise_bump,0.036599999999999994,15.33585287117931
fixed_ps_0.1,14.93349876202827,1.0296768284505646,1.0,1.289191621149158,0.944,0.10000462953437406,0.8999953704656258,2.0,2.0,central_noise_bump,0.036599999999999994,15.33585287117931
optimal_symmetric_ps_alpha=0.0366,14.29183134293832,0.9854333404684582,0.9570316756096346,1.23379721737028,0.99216,0.036608865334060055,0.9633911346659397,2.0,2.0,central_noise_bump,0.036599999999999994,15.33585287117931
optimal_variance_aware_k_gamma=15.34,11.583614504659025,0.7986995971419149,0.7756798784564092,1.0,0.66198,0.07012406628601021,0.9298759337139898,2.0,2.0,central_noise_bump,0.036599999999999994,15.33585287117931
full,6.662365064745147,1.0,1.1570426279540313,1.1577323968414492,1.0,0.0005002502189815197,0.973264400919863,2.0,4.0,homoskedastic,0.10729999999999999,10.439263112609737
fixed_ps_0.1,5.758098192567059,0.8642723922525433,1.0,1.00059614820643,0.91808,0.10000171466784034,0.8998613888696623,2.0,4.0,homoskedastic,0.10729999999999999,10.439263112609737
optimal_symmetric_ps_alpha=0.1073,5.754667561638271,0.8637574653616497,0.9994042076369563,1.0000000006628378,0.90704,0.10730044253658555,0.8926269076525126,2.0,4.0,homoskedastic,0.10729999999999999,10.439263112609737
optimal_variance_aware_k_gamma=10.44,5.75466755782386,0.8637574647891186,0.9994042069745135,1.0,0.90703,0.10730699257817204,0.8926269076525126,2.0,4.0,homoskedastic,0.10729999999999999,10.439263112609737
full,14.649460258980591,1.0,1.4705877284880626,1.6733738496171475,1.0,0.0005002502189815197,0.973264400919863,2.0,4.0,symmetric_extreme_noise,0.20389999999999997,12.642329797583475
fixed_ps_0.1,9.961636409166804,0.6800002343472006,1.0,1.1378946098901375,0.91808,0.10000171466784034,0.8998613888696623,2.0,4.0,symmetric_extreme_noise,0.20389999999999997,12.642329797583475
optimal_symmetric_ps_alpha=0.2039,8.754445556591165,0.5975950923669292,0.8788160094394963,1.0000000002263632,0.72204,0.20390067950798987,0.7960646488905593,2.0,4.0,symmetric_extreme_noise,0.20389999999999997,12.642329797583475
optimal_variance_aware_k_gamma=12.64,8.75444555460948,0.5975950922316556,0.8788160092405648,1.0,0.722055,0.20389581934571027,0.7961016847418244,2.0,4.0,symmetric_extreme_noise,0.20389999999999997,12.642329797583475
full,8.662365017296155,1.0,1.0707076337144281,1.080848648342223,1.0,0.0005002502189815197,0.973264400919863,2.0,4.0,treatment_asymmetric_noise,0.07289999999999999,15.288083041295684
fixed_ps_0.1,8.090317790343244,0.9339617730480413,1.0,1.0094713200022816,0.91808,0.10000171466784034,0.8998613888696623,2.0,4.0,treatment_asymmetric_noise,0.07289999999999999,15.288083041295684
optimal_symmetric_ps_alpha=0.0729,8.015540934563898,0.9253293896712107,0.990757241221278,1.0001410200974623,0.954055,0.07290120596719625,0.926478445147483,2.0,4.0,treatment_asymmetric_noise,0.07289999999999999,15.288083041295684
optimal_variance_aware_k_gamma=15.29,8.014410741580017,0.9251989180296181,0.9906175442386415,1.0,0.953795,0.07259947971722537,0.8867678226626095,2.0,4.0,treatment_asymmetric_noise,0.07289999999999999,15.288083041295684
full,13.893976776416963,1.0,0.9690427768571277,1.2555300687937194,1.0,0.0005002502189815197,0.973264400919863,2.0,4.0,central_noise_bump,0.039,15.418786200347764
fixed_ps_0.1,14.337836376510593,1.0319461884265575,1.0,1.2956394689466122,0.91808,0.10000171466784034,0.8998613888696623,2.0,4.0,central_noise_bump,0.039,15.418786200347764
optimal_symmetric_ps_alpha=0.0390,13.525824044016517,0.973502709963836,0.9433657693412947,1.2222619244117674,0.98593,0.03900655677555629,0.959911099967066,2.0,4.0,central_noise_bump,0.039,15.418786200347764
optimal_variance_aware_k_gamma=15.42,11.066223837845584,0.7964763448164758,0.7718196488819729,1.0,0.696665,0.0697190131628248,0.9301300119441155,2.0,4.0,central_noise_bump,0.039,15.418786200347764
full,4.666587522821575,1.0,1.006331007447858,1.0075296534664095,1.0,0.016511892080461613,0.983488107919511,4.0,4.0,homoskedastic,0.12489999999999998,9.146776102350808
fixed_ps_0.1,4.637229190280485,0.9937088220466207,1.0,1.0011911051231457,0.99454,0.10004406581433495,0.8999559341856648,4.0,4.0,homoskedastic,0.12489999999999998,9.146776102350808
optimal_symmetric_ps_alpha=0.1249,4.6317123375877305,0.9925266192773006,0.9988103126961424,1.0000000007766456,0.98756,0.12491018444287946,0.8750898155571204,4.0,4.0,homoskedastic,0.12489999999999998,9.146776102350808
optimal_variance_aware_k_gamma=9.147,4.6317123339905315,0.9925266185064591,0.9988103119204207,1.0,0.98755,0.12493752254185912,0.8750624774581406,4.0,4.0,homoskedastic,0.12489999999999998,9.146776102350808
full,6.666350091286302,1.0,1.0282757960050741,1.099911587885952,1.0,0.016511892080461613,0.983488107919511,4.0,4.0,symmetric_extreme_noise,0.2254,10.9068885989308
fixed_ps_0.1,6.483037057942581,0.9725017392075864,1.0,1.0696659321936663,0.99454,0.10004406581433495,0.8999559341856648,4.0,4.0,symmetric_extreme_noise,0.2254,10.9068885989308
optimal_symmetric_ps_alpha=0.2254,6.060805470202757,0.9091639933709659,0.9348713289826819,1.0000000115973924,0.89988,0.22540549277537192,0.7745945072246281,4.0,4.0,symmetric_extreme_noise,0.2254,10.9068885989308
optimal_variance_aware_k_gamma=10.91,6.060805399913219,0.9091639828270345,0.9348713181406125,1.0,0.89982,0.22544574538295845,0.7745542546170416,4.0,4.0,symmetric_extreme_noise,0.2254,10.9068885989308
full,7.666587522821575,1.0,1.001683944789413,1.00236638017365,1.0,0.016511892080461613,0.983488107919511,4.0,4.0,treatment_asymmetric_noise,0.08969999999999999,15.21385728575
fixed_ps_0.1,7.653699116075325,0.9983188861135565,1.0,1.000681288132636,0.99454,0.10004406581433495,0.8999559341856648,4.0,4.0,treatment_asymmetric_noise,0.08969999999999999,15.21385728575
optimal_symmetric_ps_alpha=0.0897,7.652576047338201,0.9981723973747556,0.9998532645822508,1.000534452745788,0.99637,0.08975095111882238,0.9102490488811773,4.0,4.0,treatment_asymmetric_noise,0.08969999999999999,15.21385728575
optimal_variance_aware_k_gamma=15.21,7.648488291769537,0.9976392063616099,0.9993191757048767,1.0,0.994725,0.07305358515800257,0.8859664334978767,4.0,4.0,treatment_asymmetric_noise,0.08969999999999999,15.21385728575
full,16.592366013254196,1.0,0.9938933962267473,1.202992651500576,1.0,0.016511892080461613,0.983488107919511,4.0,4.0,central_noise_bump,0.030399999999999996,15.529645132671376
fixed_ps_0.1,16.694311559213546,1.0061441235010073,1.0,1.2103839869221997,0.99454,0.10004406581433495,0.8999559341856648,4.0,4.0,central_noise_bump,0.030399999999999996,15.529645132671376
optimal_symmetric_ps_alpha=0.0304,16.591781404506563,0.9999647664023825,0.9938583777867499,1.2029502657415563,0.99994,0.03164438167856024,0.968355618321442,4.0,4.0,central_noise_bump,0.030399999999999996,15.529645132671376
optimal_variance_aware_k_gamma=15.53,13.792574703226482,0.8312602730803307,0.8261840959601833,1.0,0.56298,0.06921794358480744,0.9307820564151926,4.0,4.0,central_noise_bump,0.030399999999999996,15.529645132671376
