beta,gamma,alpha_star,Vfull_over_Vopt_literal,Vfull_over_Vopt_endpoint_floor,V001_over_Vopt,V010_over_Vopt,paper_Vfull_over_Vopt,paper_V001_over_Vopt,paper_V010_over_Vopt,absdiff_floor_full,absdiff_001,absdiff_010
0.5,0.5,0.09394851002988511,inf,13.415928617393389,1.6922714999313142,1.0007553561959874,13.38,1.7,1.0,0.03592861739338815,0.007728500068685751,0.0007553561959874333
0.5,1.0,0.09588652494319677,inf,11.830642458224588,1.6499429512958894,1.0003298951272455,11.68,1.64,1.0,0.15064245822458844,0.009942951295889513,0.0003298951272454609
0.5,2.0,0.089674093512395,inf,14.02206772536075,1.7089884064672083,1.0024457569108227,13.71,1.71,1.0,0.31206772536075,0.001011593532791677,0.002445756910822716
0.5,4.0,0.06798284437514286,inf,13.16869800565205,1.5883874277644656,1.037393050746837,12.83,1.58,1.04,0.3386980056520503,0.00838742776446555,0.002606949253163071
1.0,1.0,0.10180582382695262,inf,2.6839377776210465,1.3937100617335665,1.0000511598405617,2.68,1.39,1.0,0.003937777621046301,0.003710061733566583,5.1159840561698644e-05
1.0,2.0,0.10180582212058813,inf,2.68393777762098,1.3937100617335674,1.000051159840562,2.65,1.39,1.0,0.033937777620979936,0.0037100617335674713,5.115984056192069e-05
1.0,4.0,0.08433228130110312,inf,3.35099959277176,1.4707106476436131,1.0062998353989225,3.36,1.47,1.01,0.009000407228239915,0.0007106476436131715,0.0037001646010774714
2.0,2.0,0.11270166371056711,1.115419203707736,1.1151962536816193,1.094414973528318,1.0013458809499212,1.11,1.09,1.0,0.005196253681619245,0.004414973528317878,0.0013458809499211632
2.0,4.0,0.10730687091457068,1.158479894269745,1.1581326166337353,1.1262775951288098,1.0005961489908861,1.16,1.12,1.0,0.0018673833662645745,0.006277595128809654,0.000596148990886114
4.0,4.0,0.12491609144076889,1.0075467408365109,1.007546740816377,1.0075282679241166,1.001192752506965,1.02,1.02,1.0,0.012453259183623056,0.012471732075883368,0.0011927525069650446
